Date,Product_Category,Price,Discount,Customer_Segment,Marketing_Spend,Units_Sold
2023-01-01,Fashion,1032.8115644441796,53.730000000000004,Premium,8814.494,36
2023-01-02,Fashion,564.1296331581095,5.4,Premium,8849.828000000001,14
2023-01-03,Sports,689.0856978535701,5.34,Regular,4932.083,28
2023-01-04,Fashion,970.0940322219373,0.915,Premium,12249.575,31
2023-01-05,Home Decor,711.5573139956529,71.745,Premium,2283.879,20
2023-01-06,Fashion,146.22067960597118,55.32000000000001,Premium,6569.628000000001,30
2023-01-07,Electronics,630.8311112073518,26.490000000000002,Premium,9021.675000000001,32
2023-01-08,Home Decor,669.3772704858977,22.245,Premium,9102.132000000001,27
2023-01-09,Toys,451.68814967906115,26.235,Premium,8477.989,34
2023-01-10,Home Decor,886.1427965196376,58.095,Regular,3672.955,33
2023-01-11,Home Decor,994.5142223613271,49.605000000000004,Premium,2140.385,29
2023-01-12,Home Decor,845.347568862248,13.89,Occasional,8314.553000000002,28
2023-01-13,Toys,444.84719353074274,13.065000000000001,Regular,7843.017000000001,40
2023-01-14,Sports,131.2027368242103,7.38,Regular,2438.306,30
2023-01-15,Toys,1097.025115224476,49.53,Occasional,9205.144,24
2023-01-16,Fashion,875.9174773693463,57.33,Regular,5988.06,34
2023-01-17,Toys,126.09734089864094,19.875,Regular,8724.079,21
2023-01-18,Fashion,844.6799199372925,1.5750000000000002,Occasional,10906.909000000001,36
2023-01-19,Fashion,1010.0599491076862,6.165000000000001,Regular,2314.403,22
2023-01-20,Sports,472.7966607559266,72.58500000000001,Occasional,376.38899999999995,16
2023-01-21,Electronics,544.5785915184865,22.155,Occasional,10157.056,20
2023-01-22,Home Decor,382.7067763790698,57.69,Premium,7976.8,22
2023-01-23,Home Decor,64.66811388702213,46.845,Premium,9134.359,38
2023-01-24,Toys,360.09001430212413,28.650000000000002,Occasional,10917.048999999999,30
2023-01-25,Home Decor,953.6551231810367,15.419999999999998,Regular,10462.179,34
2023-01-26,Electronics,16.615994883938622,9.105,Occasional,12497.043000000001,32
2023-01-27,Toys,357.32755215798693,46.125,Regular,7027.488,27
2023-01-28,Electronics,469.48544662478173,58.095,Regular,6416.943,31
2023-01-29,Fashion,514.1711432592774,48.300000000000004,Regular,5302.284,33
2023-01-30,Home Decor,885.3661397370059,39.78,Occasional,2108.002,25
2023-01-31,Sports,374.16197790524944,3.1500000000000004,Regular,7499.453,40
2023-02-01,Fashion,373.8869973243447,72.63,Occasional,3695.146,19
2023-02-02,Home Decor,805.0508027623695,59.91,Premium,11987.222000000002,24
2023-02-03,Electronics,420.7094108395251,21.96,Regular,7635.667,27
2023-02-04,Sports,230.16684522343533,73.5,Occasional,7759.856,34
2023-02-05,Electronics,489.8252871528052,45.135,Occasional,4697.875,31
2023-02-06,Home Decor,162.9776655381187,43.68,Premium,799.0970000000001,34
2023-02-07,Electronics,166.4593621158685,56.099999999999994,Premium,538.538,37
2023-02-08,Electronics,589.4180604121847,60.885000000000005,Regular,5578.326000000001,26
2023-02-09,Home Decor,435.28208269500186,49.230000000000004,Regular,1218.3600000000001,30
2023-02-10,Sports,843.4511059283459,9.600000000000001,Premium,7940.114,43
2023-02-11,Sports,432.5604203744057,25.365000000000002,Premium,11468.118999999999,48
2023-02-12,Home Decor,680.8486704987412,69.6,Premium,11493.118,24
2023-02-13,Sports,740.9773592495537,16.845,Occasional,8611.915,36
2023-02-14,Electronics,25.449610943841655,27.915,Occasional,2848.56,16
2023-02-15,Toys,625.1095255346693,32.400000000000006,Premium,11236.771,37
2023-02-16,Electronics,171.18375318319045,32.955,Occasional,11534.029,16
2023-02-17,Home Decor,925.4382065345504,45.974999999999994,Occasional,2660.931,41
2023-02-18,Electronics,171.43650136597674,70.725,Regular,9620.676000000001,35
2023-02-19,Sports,484.5689202479731,18.044999999999998,Regular,3817.502,42
2023-02-20,Electronics,111.58248584475085,9.120000000000001,Regular,10459.982,29
2023-02-21,Fashion,1063.51286871703,14.805,Occasional,12964.458,23
2023-02-22,Fashion,595.1004465581384,66.525,Regular,516.438,33
2023-02-23,Electronics,543.8226043775012,48.435,Premium,11679.096000000001,54
2023-02-24,Home Decor,88.939567583863,21.450000000000003,Regular,8143.252,26
2023-02-25,Home Decor,901.9351184142604,61.199999999999996,Premium,12657.437,29
2023-02-26,Fashion,257.8180358772924,64.605,Regular,6114.667,21
2023-02-27,Electronics,940.2658353850038,63.495,Premium,11035.882,31
2023-02-28,Fashion,217.06725192935312,68.92500000000001,Occasional,933.0100000000001,32
2023-03-01,Electronics,233.3053222815031,18.915,Regular,4445.0380000000005,22
2023-03-02,Home Decor,45.858394030173656,56.625,Occasional,992.498,14
2023-03-03,Electronics,454.63566117716647,34.545,Premium,12682.67,26
2023-03-04,Toys,531.5238796761124,63.150000000000006,Occasional,10644.452000000001,37
2023-03-05,Toys,81.72958387351,54.63,Regular,11102.286,17
2023-03-06,Electronics,748.3122630377723,58.230000000000004,Premium,12201.618,27
2023-03-07,Home Decor,541.7821068311875,49.215,Regular,1225.276,28
2023-03-08,Home Decor,625.8730815131016,13.305,Occasional,5092.646000000001,30
2023-03-09,Home Decor,417.5366872118033,40.875,Premium,1044.2250000000001,44
2023-03-10,Toys,470.9326198812152,73.845,Occasional,2842.905,43
2023-03-11,Fashion,551.1622499718935,70.30499999999999,Occasional,3081.9359999999997,39
2023-03-12,Sports,159.84654586708464,3.24,Occasional,6167.408,25
2023-03-13,Toys,191.40218175339277,12.36,Occasional,3586.4010000000003,39
2023-03-14,Fashion,808.2556070799877,9.885,Occasional,1429.584,32
2023-03-15,Fashion,1099.339011962196,54.449999999999996,Occasional,2285.608,30
2023-03-16,Fashion,374.98284243555366,61.335,Occasional,2025.439,32
2023-03-17,Fashion,274.7959197654457,16.02,Regular,12653.498,32
2023-03-18,Home Decor,656.7002640917481,37.935,Regular,9902.1,27
2023-03-19,Sports,437.1467274520815,63.06,Occasional,12585.092,23
2023-03-20,Electronics,33.438759042575256,54.96,Premium,5789.459000000001,38
2023-03-21,Electronics,157.6977416663938,40.665,Occasional,3712.605,16
2023-03-22,Electronics,648.5389452236011,44.28,Premium,10404.03,31
2023-03-23,Fashion,771.15618517884,38.13,Occasional,4328.883,31
2023-03-24,Sports,43.296609870262905,22.32,Occasional,3983.07,42
2023-03-25,Electronics,228.3399016091226,42.375,Occasional,3122.353,25
2023-03-26,Fashion,258.93704412595963,51.66,Premium,1798.966,31
2023-03-27,Toys,741.1829911711791,65.505,Occasional,3430.674,37
2023-03-28,Fashion,33.38769687555331,47.714999999999996,Occasional,4702.9710000000005,39
2023-03-29,Sports,115.39461327184112,57.09,Regular,8804.302,40
2023-03-30,Electronics,928.235701117332,12.0,Regular,935.207,38
2023-03-31,Sports,181.5895480093136,34.62,Occasional,2839.226,27
2023-04-01,Home Decor,757.657564089403,0.705,Occasional,10542.129,29
2023-04-02,Electronics,239.4439204896908,18.495,Regular,2020.8890000000001,25
2023-04-03,Sports,129.09107517103263,54.480000000000004,Premium,4539.847000000001,37
2023-04-04,Sports,265.8590585364197,74.385,Occasional,11258.156,26
2023-04-05,Home Decor,733.5670475687056,7.4399999999999995,Regular,2123.888,34
2023-04-06,Electronics,997.6766369576234,30.105,Premium,1194.817,28
2023-04-07,Electronics,913.0531643037822,60.0,Occasional,6366.009000000001,31
2023-04-08,Electronics,452.67773685683767,15.299999999999999,Occasional,4022.1349999999998,30
2023-04-09,Toys,767.8188452501831,41.625,Occasional,7381.062,29
2023-04-10,Sports,205.65272143654082,54.974999999999994,Premium,10474.971,41
2023-04-11,Sports,273.893604857913,46.2,Occasional,1895.101,36
2023-04-12,Home Decor,939.1223444829936,14.100000000000001,Premium,7603.5960000000005,18
2023-04-13,Home Decor,22.07873656134067,26.655,Occasional,6635.902,25
2023-04-14,Fashion,109.13915130734735,58.785,Regular,1984.294,34
2023-04-15,Home Decor,240.1912602443124,41.565,Premium,8160.867,38
2023-04-16,Toys,35.43671523595328,0.39,Premium,3651.752,19
2023-04-17,Electronics,215.00761216372845,57.074999999999996,Regular,6408.428000000001,33
2023-04-18,Electronics,597.4233073446894,2.6550000000000002,Regular,1188.8500000000001,21
2023-04-19,Home Decor,435.4644607769493,55.935,Premium,6044.844,36
2023-04-20,Sports,1064.4325921510754,15.18,Occasional,4074.187,24
2023-04-21,Electronics,867.4908837137314,71.85,Occasional,10714.041,27
2023-04-22,Toys,361.1030737436341,27.599999999999998,Occasional,863.3170000000001,29
2023-04-23,Fashion,269.82235138567256,24.525000000000002,Occasional,5517.473,26
2023-04-24,Home Decor,402.4667826908332,11.16,Occasional,6030.011,25
2023-04-25,Home Decor,626.8896613026424,22.919999999999998,Premium,9460.828000000001,41
2023-04-26,Toys,307.14441804614796,65.745,Occasional,7521.085,21
2023-04-27,Fashion,728.9216822898378,74.73,Occasional,8717.02,25
2023-04-28,Sports,464.3842340367752,27.630000000000003,Premium,10130.627,40
2023-04-29,Fashion,527.4849427388677,33.644999999999996,Premium,11226.553,22
2023-04-30,Fashion,464.131900676377,54.150000000000006,Regular,4169.581,23
2023-05-01,Home Decor,344.3611506635943,66.465,Regular,7054.3460000000005,30
2023-05-02,Toys,998.8587758807126,44.474999999999994,Regular,10942.191,31
2023-05-03,Toys,782.185762446804,29.369999999999997,Regular,12864.241,35
2023-05-04,Sports,147.52102450803835,30.945,Occasional,11578.112000000001,40
2023-05-05,Toys,943.9912340754457,52.17,Premium,4910.789000000001,43
2023-05-06,Sports,572.7546995280065,0.24,Occasional,2641.795,23
2023-05-07,Home Decor,1003.3832392118366,46.47,Regular,6428.487,22
2023-05-08,Fashion,828.2735341235402,26.655,Premium,9674.925000000001,22
2023-05-09,Sports,457.6465755636088,59.565,Premium,6469.359,20
2023-05-10,Electronics,31.956537463085283,6.9750000000000005,Regular,6348.537,43
2023-05-11,Toys,264.92320280963213,44.115,Occasional,10918.024,30
2023-05-12,Fashion,575.251530225739,36.075,Regular,4781.27,32
2023-05-13,Fashion,670.3058187750763,48.17999999999999,Regular,11195.561,34
2023-05-14,Electronics,249.57859317870614,4.86,Occasional,5365.581,13
2023-05-15,Fashion,147.1450348128171,43.5,Regular,4354.363,36
2023-05-16,Fashion,887.2147918327711,42.105000000000004,Premium,5972.85,29
2023-05-17,Fashion,996.036912949826,42.045,Occasional,9942.686000000002,44
2023-05-18,Home Decor,626.7490538456948,45.255,Occasional,1751.6460000000002,23
2023-05-19,Sports,209.94055445037287,50.730000000000004,Premium,2657.915,51
2023-05-20,Toys,266.32021740853133,60.375,Premium,12375.09,23
2023-05-21,Fashion,32.812419651354986,20.235,Regular,2388.581,33
2023-05-22,Electronics,939.0511011726094,61.875,Occasional,7436.650000000001,34
2023-05-23,Home Decor,136.16037485276007,37.365,Premium,7585.773,40
2023-05-24,Home Decor,580.5309075101918,5.775,Occasional,6431.464,28
2023-05-25,Toys,296.7407319783732,4.3950000000000005,Regular,8427.874,39
2023-05-26,Toys,604.7855054616034,25.065,Regular,3087.8640000000005,20
2023-05-27,Fashion,763.0099287809669,58.86,Regular,7242.768,43
2023-05-28,Electronics,855.0795947002237,53.07000000000001,Premium,4919.876,26
2023-05-29,Fashion,209.47232159796695,59.144999999999996,Regular,8645.663,40
2023-05-30,Electronics,23.922212599140792,38.79,Occasional,1947.543,22
2023-05-31,Toys,131.73794452310497,33.015,Occasional,7477.197,34
2023-06-01,Home Decor,1000.056927128309,11.055,Occasional,2514.434,26
2023-06-02,Fashion,837.0487733298464,24.615000000000002,Regular,3716.1410000000005,25
2023-06-03,Electronics,657.7809294954337,32.55,Regular,2944.799,22
2023-06-04,Home Decor,681.1562782888262,6.645,Occasional,2483.117,28
2023-06-05,Sports,754.9188873106533,16.544999999999998,Occasional,10756.902000000002,37
2023-06-06,Toys,214.9532947351268,44.865,Occasional,3807.05,19
2023-06-07,Fashion,1004.9651824450295,55.17,Premium,12062.089000000002,24
2023-06-08,Fashion,502.53135020702905,74.88,Regular,12612.951000000001,27
2023-06-09,Toys,383.7580216507756,69.99,Regular,7482.124,36
2023-06-10,Electronics,521.0623081473586,48.19500000000001,Occasional,1970.423,30
2023-06-11,Home Decor,58.525828746136575,31.589999999999996,Regular,4950.439,27
2023-06-12,Toys,197.3606843785861,47.714999999999996,Premium,10396.815,24
2023-06-13,Toys,824.5332793336408,58.92,Premium,4858.321,25
2023-06-14,Electronics,97.76206290941099,8.879999999999999,Premium,1249.911,28
2023-06-15,Home Decor,709.2968206594171,30.75,Premium,7295.821,18
2023-06-16,Sports,274.61836343985635,62.985,Occasional,11006.710000000001,39
2023-06-17,Home Decor,413.654941292576,28.785000000000004,Occasional,10373.571,41
2023-06-18,Electronics,296.1521112858246,42.885,Regular,2383.8360000000002,24
2023-06-19,Toys,368.24496124144645,44.085,Premium,8788.481,36
2023-06-20,Fashion,657.5654341509029,13.830000000000002,Regular,2967.8869999999997,26
2023-06-21,Electronics,343.04250421870313,27.165,Occasional,2938.3250000000003,46
2023-06-22,Electronics,658.4378014850819,25.095,Regular,11379.303,38
2023-06-23,Electronics,522.7924517289001,1.965,Regular,3343.236,23
2023-06-24,Fashion,668.5430011493041,1.815,Regular,3517.9950000000003,24
2023-06-25,Electronics,1122.5155177483805,62.37,Occasional,138.411,41
2023-06-26,Home Decor,828.4187457404895,20.475,Regular,11335.506000000001,42
2023-06-27,Home Decor,234.12664619513686,38.849999999999994,Premium,10330.697,32
2023-06-28,Fashion,45.04182939360446,22.41,Premium,8203.728000000001,23
2023-06-29,Sports,303.07264242492573,70.545,Occasional,9785.919,33
2023-06-30,Toys,690.3649741880107,19.44,Occasional,2086.864,42
2023-07-01,Fashion,63.5007247927654,32.22,Premium,6028.62,33
2023-07-02,Home Decor,568.6680045807658,65.46000000000001,Occasional,4650.191000000001,17
2023-07-03,Electronics,694.6735618940871,63.150000000000006,Premium,1336.9070000000002,27
2023-07-04,Electronics,307.3596301700859,13.965,Regular,6386.496999999999,29
2023-07-05,Fashion,736.7092801174924,60.19500000000001,Premium,11979.916,41
2023-07-06,Toys,137.3260825340103,34.365,Regular,645.567,38
2023-07-07,Home Decor,85.49921935437553,36.224999999999994,Regular,3881.098,25
2023-07-08,Sports,686.7298749999663,10.004999999999999,Premium,2801.058,24
2023-07-09,Home Decor,583.7554359053967,6.045,Premium,3194.945,31
2023-07-10,Home Decor,702.0264735932477,54.599999999999994,Premium,11821.550000000001,28
2023-07-11,Fashion,465.10738260464825,37.230000000000004,Occasional,6154.044000000001,19
2023-07-12,Fashion,234.18831952056112,32.76,Regular,6131.268,39
2023-07-13,Fashion,968.9165870124157,54.72,Occasional,9918.61,29
2023-07-14,Sports,747.9923257360726,57.42,Occasional,2118.311,36
2023-07-15,Home Decor,800.1264670884856,11.925,Regular,6401.109,40
2023-07-16,Electronics,311.79107434923236,45.765,Occasional,5663.905000000001,23
2023-07-17,Electronics,592.6620596421571,10.155,Regular,7812.246,22
2023-07-18,Home Decor,413.3960344393446,56.355000000000004,Premium,12994.306000000002,41
2023-07-19,Home Decor,117.48141577194497,49.275000000000006,Regular,10032.802,33
2023-07-20,Electronics,1065.3294107533213,71.745,Regular,5250.531,28
2023-07-21,Toys,167.80467589917924,5.175000000000001,Premium,10780.614000000001,31
2023-07-22,Home Decor,1119.1324040237057,4.275,Occasional,2327.013,35
2023-07-23,Fashion,469.3912671198373,21.165,Occasional,522.067,24
2023-07-24,Electronics,228.57491434766337,19.634999999999998,Occasional,2761.252,31
2023-07-25,Home Decor,507.312846063763,18.525,Premium,4511.091,38
2023-07-26,Toys,947.0075450309006,67.965,Occasional,6701.175,43
2023-07-27,Toys,717.2882401837978,18.72,Premium,8046.714,30
2023-07-28,Home Decor,897.9594809396604,20.4,Regular,11849.5,17
2023-07-29,Fashion,623.5352465039653,56.955,Premium,6691.8150000000005,26
2023-07-30,Home Decor,675.556855232312,33.735,Premium,6581.419000000001,43
2023-07-31,Electronics,909.2707383493763,58.260000000000005,Regular,776.633,33
2023-08-01,Sports,285.99382158110495,4.905,Occasional,579.306,43
2023-08-02,Sports,568.3065393500706,36.57,Premium,7223.424,32
2023-08-03,Electronics,230.5654762138571,2.52,Occasional,5769.361000000001,32
2023-08-04,Fashion,1158.7429669212172,4.695,Premium,10930.257,31
2023-08-05,Fashion,1070.9211758495699,67.98,Occasional,2197.949,39
2023-08-06,Toys,51.63312663048088,10.44,Regular,451.386,38
2023-08-07,Toys,820.9940377634315,39.93,Occasional,5909.124,39
2023-08-08,Electronics,865.9850254913038,30.825000000000003,Premium,3186.352,27
2023-08-09,Electronics,207.9000514168637,26.055,Regular,768.534,22
2023-08-10,Fashion,607.9829212148015,67.485,Regular,9455.576000000001,34
2023-08-11,Electronics,1017.4794819250295,1.6350000000000002,Premium,1566.201,31
2023-08-12,Electronics,40.010721420344254,49.785,Occasional,7959.068,39
2023-08-13,Electronics,744.1689607266201,72.255,Occasional,3747.107,33
2023-08-14,Sports,274.19436544664137,42.015,Premium,2362.893,36
2023-08-15,Home Decor,868.135711648983,70.26,Premium,5017.402,40
2023-08-16,Toys,1050.9782302217886,3.915,Premium,10444.603000000001,38
2023-08-17,Sports,919.5369185809193,31.410000000000004,Occasional,5176.249,22
2023-08-18,Electronics,432.6213588836828,19.515,Premium,9792.406,30
2023-08-19,Home Decor,941.5663452088446,54.81,Premium,1745.003,31
2023-08-20,Fashion,825.2002958818407,73.59,Regular,10075.572,25
2023-08-21,Toys,340.84351944797345,19.245,Regular,3179.332,39
2023-08-22,Fashion,855.982435913943,49.065,Occasional,8848.047,24
2023-08-23,Toys,46.44994665559345,14.850000000000001,Regular,7411.612,43
2023-08-24,Sports,572.8663225753575,42.405,Premium,12088.089000000002,40
2023-08-25,Sports,215.54425961622903,34.8,Premium,5114.8369999999995,16
2023-08-26,Toys,122.01549458115866,72.9,Regular,981.552,24
2023-08-27,Sports,94.1215963095172,45.644999999999996,Premium,376.532,42
2023-08-28,Sports,821.6956281935971,26.22,Regular,10771.67,21
2023-08-29,Electronics,319.1699602612105,8.55,Regular,6883.344,33
2023-08-30,Toys,680.6316275306009,11.34,Premium,10107.396,24
2023-08-31,Home Decor,68.83718799247747,16.905,Premium,3147.053,31
2023-09-01,Sports,344.07546433235,18.825000000000003,Regular,4571.229,34
2023-09-02,Home Decor,606.547887558546,63.795,Regular,517.439,27
2023-09-03,Sports,883.9482991059288,42.089999999999996,Premium,12504.401000000002,33
2023-09-04,Fashion,338.0333060414837,39.255,Premium,8725.457,29
2023-09-05,Sports,672.4528163795189,8.61,Premium,12140.349,33
2023-09-06,Toys,918.5611522783461,64.515,Occasional,3546.933,25
2023-09-07,Sports,688.5717531581957,54.21,Regular,7999.537,34
2023-09-08,Sports,220.01966984418735,5.07,Premium,8862.295,43
2023-09-09,Toys,33.50224512049806,53.085,Occasional,4216.862,17
2023-09-10,Electronics,1033.5963656011245,40.769999999999996,Regular,11045.164,35
2023-09-11,Home Decor,32.81742857500627,6.135,Occasional,12319.97,34
2023-09-12,Electronics,896.0797365946823,34.38,Regular,11518.091,41
2023-09-13,Sports,503.1631941507869,36.345,Occasional,9641.788,27
2023-09-14,Home Decor,945.4899044269755,12.434999999999999,Premium,3700.9700000000003,24
2023-09-15,Sports,868.2424258931682,70.92,Regular,3754.4,21
2023-09-16,Sports,926.8015087294632,63.75,Regular,12528.451000000001,33
2023-09-17,Toys,343.0095068927804,50.175000000000004,Occasional,262.366,38
2023-09-18,Sports,804.001963821389,34.665,Regular,9345.557,40
2023-09-19,Home Decor,439.2635848237777,30.884999999999998,Premium,9219.392,4
2023-09-20,Home Decor,487.4966201659959,48.824999999999996,Regular,8144.019,24
2023-09-21,Fashion,705.6857220031686,40.905,Regular,12872.704,30
2023-09-22,Fashion,1049.7266997570896,4.665,Premium,4143.893,15
2023-09-23,Electronics,1123.9950405698573,38.445,Occasional,4505.436,20
2023-09-24,Toys,747.8612695880453,60.480000000000004,Occasional,1145.95,26
2023-09-25,Fashion,498.4668042700929,34.44,Occasional,5828.81,35
2023-09-26,Fashion,430.14099591593396,3.9000000000000004,Occasional,3489.6940000000004,28
2023-09-27,Toys,666.5041650903145,58.965,Premium,4549.389,31
2023-09-28,Home Decor,253.5903945992375,15.105,Regular,10870.938,24
2023-09-29,Electronics,130.83257660738454,19.395,Premium,12169.689999999999,17
2023-09-30,Sports,360.79589659872113,12.36,Premium,2520.388,14
2023-10-01,Sports,274.583991148432,24.765,Occasional,4924.192,34
2023-10-02,Home Decor,299.5429496841334,56.760000000000005,Regular,12081.472000000002,37
2023-10-03,Toys,256.1696072073071,38.955,Occasional,925.47,44
2023-10-04,Toys,55.68106541769446,15.36,Occasional,1318.681,29
2023-10-05,Electronics,25.269425996311583,65.83500000000001,Premium,2225.119,25
2023-10-06,Toys,1049.0021956218689,65.97,Occasional,7790.393,31
2023-10-07,Electronics,469.5045893061253,65.295,Regular,2066.5840000000003,28
2023-10-08,Electronics,440.62230178824484,17.91,Regular,12589.148,37
2023-10-09,Home Decor,648.6522971751865,33.839999999999996,Premium,5879.211,33
2023-10-10,Toys,204.50113345218716,73.875,Regular,6584.539,39
2023-10-11,Fashion,1025.2669701618722,57.900000000000006,Occasional,3304.496,33
2023-10-12,Sports,804.4094729414293,2.04,Occasional,6191.263000000001,24
2023-10-13,Sports,94.86210961537193,4.89,Occasional,8648.822,19
2023-10-14,Home Decor,396.23120564652055,34.8,Occasional,9797.645,41
2023-10-15,Toys,865.6100564817133,68.19,Occasional,9832.277,23
2023-10-16,Sports,944.7730708558515,40.410000000000004,Occasional,7567.456,32
2023-10-17,Fashion,561.1487007127998,37.335,Premium,11769.108,40
2023-10-18,Home Decor,622.2959768520449,7.904999999999999,Premium,10650.042000000001,37
2023-10-19,Home Decor,187.4036930108978,49.260000000000005,Occasional,9873.214,24
2023-10-20,Toys,1166.5107203312466,61.665,Premium,845.6370000000001,15
2023-10-21,Toys,243.51263930546614,28.53,Regular,218.51700000000002,37
2023-10-22,Sports,1122.0160581389277,58.17,Occasional,2864.199,39
2023-10-23,Sports,773.1435828838052,72.33,Premium,8669.544,32
2023-10-24,Sports,573.2291077613744,15.285,Occasional,5422.1179999999995,24
2023-10-25,Home Decor,603.3031742935199,39.255,Regular,5308.966,38
2023-10-26,Sports,245.9335609642204,21.54,Premium,11514.633,30
2023-10-27,Toys,174.2744687201646,59.46,Regular,11655.891,40
2023-10-28,Electronics,260.65740665188764,43.32,Premium,11831.092,24
2023-10-29,Fashion,209.22097998583286,47.595,Premium,4169.607,24
2023-10-30,Home Decor,716.6716131882937,59.849999999999994,Premium,9023.885,45
2023-10-31,Fashion,375.90886414251815,29.700000000000003,Occasional,3625.9210000000003,41
2023-11-01,Electronics,80.10493963190157,68.625,Regular,2583.152,49
2023-11-02,Toys,1044.919349163867,39.974999999999994,Regular,2506.218,28
2023-11-03,Home Decor,981.1603067727842,11.850000000000001,Premium,4532.931,31
2023-11-04,Sports,1078.979963038795,52.185,Premium,5663.554,31
2023-11-05,Electronics,924.3010460152354,59.489999999999995,Regular,10824.32,45
2023-11-06,Electronics,215.42563124758576,23.759999999999998,Premium,1672.996,38
2023-11-07,Home Decor,431.98811397399845,64.28999999999999,Regular,9588.501,17
2023-11-08,Home Decor,799.9761014253294,67.965,Occasional,6969.82,30
2023-11-09,Electronics,749.4011765400865,20.775,Occasional,3835.8579999999997,27
2023-11-10,Fashion,184.19071316779275,73.77,Regular,6472.583,28
2023-11-11,Electronics,975.2169926363379,10.56,Premium,3990.259,19
2023-11-12,Sports,241.56118702385058,15.149999999999999,Premium,7801.573,33
2023-11-13,Toys,277.80255301415747,13.815000000000001,Premium,5713.5650000000005,39
2023-11-14,Home Decor,640.4619791166842,67.05000000000001,Premium,2245.893,33
2023-11-15,Fashion,588.2058445207394,49.065,Occasional,1630.421,19
2023-11-16,Electronics,697.6712283021055,11.415000000000001,Occasional,7165.977,20
2023-11-17,Fashion,104.90794318387145,33.03,Premium,11744.056999999999,21
2023-11-18,Home Decor,1018.2951354558568,46.14,Regular,4556.734,12
2023-11-19,Electronics,274.8300913247916,6.255,Occasional,9563.710000000001,43
2023-11-20,Toys,128.37940389260427,66.17999999999999,Premium,8606.975,35
2023-11-21,Toys,997.9151415704886,60.269999999999996,Regular,12119.107,34
2023-11-22,Electronics,895.1747599092582,37.89,Premium,10696.023,32
2023-11-23,Toys,884.0673917875057,72.53999999999999,Occasional,7422.207,36
2023-11-24,Toys,772.1003934570191,31.335,Premium,8585.980000000001,36
2023-11-25,Sports,788.747825909192,73.815,Premium,11692.239000000001,31
2023-11-26,Home Decor,551.2947651226124,50.099999999999994,Premium,5271.812,37
2023-11-27,Home Decor,107.58543878131411,47.595,Occasional,4335.851000000001,34
2023-11-28,Electronics,439.76153906682356,12.450000000000001,Regular,269.139,43
2023-11-29,Sports,405.2539730525714,66.15,Regular,10767.718,27
2023-11-30,Toys,303.5877815116976,32.055,Premium,10438.623,25
2023-12-01,Fashion,664.6970708076666,12.165,Occasional,1474.33,53
2023-12-02,Toys,524.7886442081112,0.9450000000000001,Premium,7554.157000000001,33
2023-12-03,Electronics,103.91286479549541,41.985,Premium,6101.446,43
2023-12-04,Fashion,211.53390731635653,39.555,Occasional,1657.786,37
2023-12-05,Sports,788.8854285415714,53.955,Regular,12749.919,34
2023-12-06,Sports,81.91536813388892,66.765,Premium,2893.1369999999997,29
2023-12-07,Home Decor,921.1767229412075,5.955,Premium,995.306,20
2023-12-08,Sports,510.6253789776422,54.855000000000004,Premium,7785.687,27
2023-12-09,Sports,512.2461459548898,14.055,Regular,9639.214,23
2023-12-10,Sports,637.9061201070074,64.365,Occasional,547.547,22
2023-12-11,Toys,756.0657169397311,61.425000000000004,Regular,8607.69,25
2023-12-12,Toys,349.91308782244886,40.56,Occasional,6980.597,35
2023-12-13,Home Decor,722.1057287362942,53.265,Regular,1459.016,34
2023-12-14,Fashion,604.2925667812113,23.580000000000002,Regular,2350.387,17
2023-12-15,Home Decor,263.1234936623072,35.339999999999996,Regular,7439.835,37
2023-12-16,Electronics,865.6729660339429,61.62,Premium,3944.1220000000003,21
2023-12-17,Toys,720.1725673211655,34.44,Occasional,12206.129,12
2023-12-18,Fashion,659.2978979711866,26.835,Regular,10667.189000000002,32
2023-12-19,Sports,1020.8391318692924,37.065,Premium,12788.516,33
2023-12-20,Sports,937.365926276159,62.114999999999995,Occasional,3471.962,29
2023-12-21,Electronics,742.5217596811052,25.14,Regular,12610.338000000002,23
2023-12-22,Electronics,833.7570480366369,13.035,Regular,5679.986000000001,54
2023-12-23,Fashion,637.9122820003823,53.400000000000006,Premium,4602.572,40
2023-12-24,Home Decor,730.9898470863582,61.949999999999996,Regular,777.998,46
2023-12-25,Sports,658.6460287245197,7.545,Regular,809.094,39
2023-12-26,Home Decor,688.3361396476403,17.985,Regular,9036.183,35
2023-12-27,Home Decor,164.8439473099044,10.649999999999999,Occasional,6023.55,23
2023-12-28,Home Decor,982.237604030759,26.099999999999998,Occasional,3045.328,25
2023-12-29,Sports,945.7410733931852,33.78,Premium,8031.803000000001,22
2023-12-30,Home Decor,42.74172505094605,56.16,Premium,3384.2900000000004,33
2023-12-31,Sports,862.3150498608333,48.84,Premium,7564.115000000001,21
2024-01-01,Electronics,131.0190288910203,46.575,Regular,4753.021000000001,31
2024-01-02,Fashion,342.4259399341066,26.43,Regular,10729.121000000001,35
2024-01-03,Electronics,879.1059169824692,63.105000000000004,Regular,10692.357,36
2024-01-04,Fashion,191.61396724930017,35.339999999999996,Occasional,6273.501000000001,50
2024-01-05,Fashion,836.2516857572742,73.44,Premium,4645.043000000001,27
2024-01-06,Toys,989.5008124659734,47.565,Premium,4796.142000000001,27
2024-01-07,Sports,607.0979513581257,9.465,Premium,10499.541,39
2024-01-08,Fashion,18.765631854441423,50.715,Regular,4353.674,34
2024-01-09,Toys,280.1616789469429,24.39,Premium,2820.597,27
2024-01-10,Toys,612.7441880731828,51.480000000000004,Regular,1219.933,40
2024-01-11,Electronics,1016.1342872972707,5.22,Regular,6136.338000000001,13
2024-01-12,Fashion,696.6218527866295,13.11,Regular,6335.043,34
2024-01-13,Sports,267.15324750930904,64.185,Regular,10952.5,18
2024-01-14,Electronics,600.1173920059989,17.04,Regular,2977.338,35
2024-01-15,Sports,492.7858451602687,62.775000000000006,Regular,5033.353,23
2024-01-16,Home Decor,724.1412156536207,20.94,Occasional,10534.186000000002,33
2024-01-17,Sports,126.87368766362687,48.21,Occasional,10730.031,42
2024-01-18,Home Decor,731.8383359796676,52.065,Occasional,5079.945000000001,25
2024-01-19,Home Decor,642.3275043489596,38.445,Occasional,6038.929,22
2024-01-20,Sports,1096.3332698585637,22.905,Regular,4033.289,27
2024-01-21,Toys,376.7273247362512,15.945,Occasional,12131.977,30
2024-01-22,Fashion,636.9227503940434,2.4899999999999998,Premium,1656.941,36
2024-01-23,Electronics,977.3461902818676,22.799999999999997,Premium,12147.356000000002,37
2024-01-24,Electronics,126.03793600799334,48.989999999999995,Regular,8931.364,41
2024-01-25,Fashion,881.2304848768368,70.38,Regular,6971.328,17
2024-01-26,Electronics,668.7475725735716,65.34,Regular,550.316,31
2024-01-27,Sports,85.24875684927852,57.449999999999996,Regular,6250.92,47
2024-01-28,Fashion,280.59882584081186,59.13,Regular,5377.723,31
2024-01-29,Sports,743.9520716028654,49.875,Occasional,2204.891,16
2024-01-30,Toys,72.81600064968451,19.515,Occasional,8577.998,25
2024-01-31,Sports,608.0003609642109,68.03999999999999,Premium,12628.707,25
2024-02-01,Home Decor,332.6399894037219,50.31,Premium,7365.371,17
2024-02-02,Electronics,607.8106598344066,42.03,Occasional,9328.878,32
2024-02-03,Toys,54.203695321986366,8.325,Occasional,1010.958,26
2024-02-04,Fashion,854.8130668319641,33.525000000000006,Premium,5505.37,33
2024-02-05,Toys,1071.9616747080545,34.53,Occasional,1627.535,25
2024-02-06,Home Decor,1135.320980032847,64.845,Regular,8016.684000000001,24
2024-02-07,Home Decor,724.9398900181969,40.995,Premium,12208.261,35
2024-02-08,Sports,137.8610000986093,28.53,Occasional,8647.08,17
2024-02-09,Electronics,802.763251887468,73.26,Occasional,1118.4550000000002,28
2024-02-10,Electronics,39.86599721658808,8.31,Occasional,4694.5599999999995,26
2024-02-11,Home Decor,35.435017175746715,31.695,Occasional,7217.041,35
2024-02-12,Electronics,314.1981165910766,3.1500000000000004,Regular,5319.2880000000005,36
2024-02-13,Home Decor,587.1800490684075,55.5,Occasional,10859.004,36
2024-02-14,Electronics,894.0535046843445,68.85,Premium,10614.812,48
2024-02-15,Electronics,704.5248108051281,21.0,Regular,8004.269,26
2024-02-16,Fashion,515.7293600059437,64.38,Occasional,4936.399,28
2024-02-17,Home Decor,276.09790336132755,21.915,Occasional,3416.179,29
2024-02-18,Toys,1159.0116929185376,68.31,Regular,1492.6080000000002,22
2024-02-19,Home Decor,490.6226199447988,56.550000000000004,Premium,4697.537,18
2024-02-20,Toys,531.3154489295138,60.375,Premium,5447.533,29
2024-02-21,Fashion,187.17378197524806,1.35,Premium,8827.845,23
2024-02-22,Electronics,782.0658343647943,72.21000000000001,Premium,8600.514,32
2024-02-23,Home Decor,683.7907089046021,54.495,Occasional,1032.2910000000002,35
2024-02-24,Home Decor,206.4188407510774,22.86,Premium,5216.991,35
2024-02-25,Home Decor,100.44811354302185,62.205,Regular,2469.493,21
2024-02-26,Fashion,708.219841840145,21.12,Premium,2148.185,27
2024-02-27,Home Decor,602.5609395021606,65.46000000000001,Premium,10777.377000000002,30
2024-02-28,Electronics,306.1537505790655,8.445,Premium,669.4480000000001,32
2024-02-29,Fashion,965.182539613866,52.769999999999996,Occasional,5524.883,22
2024-03-01,Fashion,175.56206099192474,40.545,Premium,2294.786,38
2024-03-02,Home Decor,510.8420022849115,7.245,Regular,11446.981000000002,23
2024-03-03,Toys,927.197451004511,18.134999999999998,Regular,7299.11,28
2024-03-04,Sports,437.81980559013624,0.9299999999999999,Occasional,3107.871,40
2024-03-05,Toys,658.9532279278623,35.160000000000004,Premium,6596.239,47
2024-03-06,Fashion,400.2512062118865,22.59,Premium,9544.223,18
2024-03-07,Toys,296.3029518084438,44.88,Regular,12460.981000000002,34
2024-03-08,Toys,902.9329659711425,22.29,Premium,2967.146,37
2024-03-09,Toys,493.00926814776966,22.5,Occasional,11535.160000000002,34
2024-03-10,Sports,1061.7792644751635,55.739999999999995,Occasional,12154.493,13
2024-03-11,Home Decor,245.24174264843847,3.615,Regular,11924.328,41
2024-03-12,Toys,222.86367551479802,67.71000000000001,Premium,8307.78,19
2024-03-13,Electronics,48.3697487314533,63.915,Occasional,8235.786,17
2024-03-14,Home Decor,712.3165131336975,50.085,Occasional,5319.327,29
2024-03-15,Sports,340.73547800000586,44.49,Regular,9813.362,29
2024-03-16,Electronics,996.8819375988365,66.92999999999999,Occasional,6967.753000000001,37
2024-03-17,Home Decor,523.1230657485435,13.905,Regular,8848.632000000001,27
2024-03-18,Home Decor,888.6750657349053,5.925000000000001,Occasional,5644.249,23
2024-03-19,Fashion,223.83997664370267,17.97,Regular,9544.353000000001,38
2024-03-20,Home Decor,813.9392670991558,59.595,Regular,10740.951000000001,14
2024-03-21,Sports,742.8002838642038,2.5949999999999998,Occasional,2014.6360000000002,28
2024-03-22,Fashion,818.6323772219718,43.71,Occasional,10849.800000000001,24
2024-03-23,Electronics,1014.8341062165262,74.655,Premium,7083.621999999999,36
2024-03-24,Toys,718.3244753301881,64.17,Premium,11000.847000000002,17
2024-03-25,Toys,707.7018341775953,39.105000000000004,Regular,5680.857000000001,31
2024-03-26,Fashion,129.29645500817065,4.7700000000000005,Premium,5008.25,32
2024-03-27,Toys,46.20383351323046,62.355000000000004,Premium,11906.830000000002,31
2024-03-28,Electronics,1082.4793029271575,44.925,Premium,3362.554,27
2024-03-29,Toys,681.2940676296266,8.625,Premium,10995.010000000002,25
2024-03-30,Fashion,787.4150928132614,7.035,Premium,6359.34,23
2024-03-31,Home Decor,449.3734495287593,68.22,Regular,6746.402,36
2024-04-01,Sports,126.3204361382878,50.19,Occasional,4099.992,34
2024-04-02,Sports,126.58315909662161,62.19,Regular,7505.0560000000005,30
2024-04-03,Toys,641.6373465125546,65.92500000000001,Premium,4315.467000000001,32
2024-04-04,Sports,506.28951545849617,42.885,Occasional,635.401,29
2024-04-05,Electronics,206.45521783962423,38.805,Regular,3630.627,28
2024-04-06,Sports,476.6145518470418,32.28,Premium,212.09500000000003,27
2024-04-07,Home Decor,76.78301647488,23.775,Occasional,12721.422999999999,30
2024-04-08,Sports,672.9164496136609,32.595,Occasional,12559.17,28
2024-04-09,Electronics,322.63335176020195,58.035,Regular,5215.652,24
2024-04-10,Toys,746.0815944031488,45.150000000000006,Premium,9504.131,30
2024-04-11,Home Decor,360.740538980509,66.94500000000001,Regular,4580.524,20
2024-04-12,Sports,479.01979785302575,33.255,Regular,8766.966,19
2024-04-13,Home Decor,24.382212673095154,45.525000000000006,Premium,10495.888,34
2024-04-14,Sports,85.91083565591751,47.355000000000004,Occasional,12314.757,27
2024-04-15,Fashion,454.98335780445586,44.37,Premium,5280.7300000000005,23
2024-04-16,Sports,501.3725493997274,52.69500000000001,Premium,10211.045,26
2024-04-17,Home Decor,666.2799579452699,17.805,Premium,3552.4970000000003,37
2024-04-18,Sports,293.15908932136597,38.43,Occasional,12875.577000000001,24
2024-04-19,Sports,656.6945537908753,7.8149999999999995,Regular,461.656,39
2024-04-20,Sports,789.4396563351769,28.845,Regular,7897.422,41
2024-04-21,Fashion,712.6896646654372,36.57,Regular,8617.843,44
2024-04-22,Toys,53.90286113070501,48.915,Premium,8985.145,28
2024-04-23,Sports,462.1980249831038,71.295,Premium,1679.392,24
2024-04-24,Toys,136.56194593564013,45.045,Premium,12208.872000000001,31
2024-04-25,Home Decor,254.65768538042497,55.769999999999996,Regular,2461.8230000000003,33
2024-04-26,Sports,1040.202049115837,37.964999999999996,Premium,8144.838000000001,23
2024-04-27,Electronics,168.4753701022207,47.565,Occasional,2995.837,29
2024-04-28,Sports,486.98870102516156,5.324999999999999,Regular,4083.8720000000003,29
2024-04-29,Home Decor,588.4692472183222,19.080000000000002,Premium,7162.922,31
2024-04-30,Toys,653.0339803151621,27.134999999999998,Regular,5499.273,15
2024-05-01,Home Decor,615.1566774371349,35.43,Regular,2192.099,21
2024-05-02,Sports,21.14825524233639,3.42,Regular,2329.951,22
2024-05-03,Fashion,378.8622979721164,10.5,Regular,5511.519,17
2024-05-04,Toys,556.4787369243539,20.759999999999998,Regular,9876.230000000001,42
2024-05-05,Electronics,92.98103799319404,72.87,Premium,11686.805,21
2024-05-06,Toys,393.8145997848069,24.855,Regular,1212.718,39
2024-05-07,Electronics,47.69184850296063,36.150000000000006,Regular,5189.249,24
2024-05-08,Electronics,94.4010904629611,14.700000000000001,Regular,1420.159,28
2024-05-09,Fashion,483.4804953214836,45.81,Premium,343.551,25
2024-05-10,Sports,132.4445787273116,21.044999999999998,Premium,8646.313,30
2024-05-11,Toys,653.719226886171,15.524999999999999,Premium,7883.525000000001,42
2024-05-12,Sports,792.2569917130248,38.745,Occasional,2228.0570000000002,29
2024-05-13,Electronics,893.9334135842207,0.42000000000000004,Regular,3139.175,20
2024-05-14,Sports,232.27312734052154,0.5700000000000001,Premium,435.123,36
2024-05-15,Toys,199.19850953702698,16.424999999999997,Premium,10875.774,28
2024-05-16,Sports,129.17569178858454,2.7600000000000002,Occasional,12674.272,47
2024-05-17,Home Decor,628.9016239292802,8.100000000000001,Regular,1873.365,32
2024-05-18,Electronics,644.770106715703,25.410000000000004,Premium,3109.08,35
2024-05-19,Electronics,39.676398975531455,60.19500000000001,Occasional,11306.425000000001,25
2024-05-20,Sports,893.3865065267541,42.900000000000006,Occasional,12053.587,33
2024-05-21,Toys,70.99988177681755,38.445,Occasional,5530.603000000001,28
2024-05-22,Sports,513.0733109259481,22.005,Occasional,781.508,15
2024-05-23,Fashion,720.1964750424877,69.885,Regular,636.974,28
2024-05-24,Sports,889.2990320768542,29.775000000000002,Occasional,7516.7300000000005,24
2024-05-25,Toys,759.1245593448534,6.5249999999999995,Occasional,5186.558,33
2024-05-26,Electronics,858.2278577603258,46.275000000000006,Premium,498.75800000000004,47
2024-05-27,Toys,322.2876636195309,8.535,Occasional,7636.46,33
2024-05-28,Sports,950.8757809628858,25.89,Occasional,275.47,22
2024-05-29,Electronics,105.32253688965486,38.055,Regular,10263.474,31
2024-05-30,Sports,950.7869578650489,65.565,Regular,4073.784,28
2024-05-31,Home Decor,648.8515257153625,37.019999999999996,Regular,648.115,36
2024-06-01,Sports,885.6606741602588,52.665,Occasional,7702.097,32
2024-06-02,Toys,435.27665354902695,74.46000000000001,Premium,5248.204,21
2024-06-03,Electronics,668.1925001118583,9.855,Occasional,12662.806000000002,37
2024-06-04,Sports,498.19039333326873,20.61,Regular,7133.840999999999,26
2024-06-05,Home Decor,686.5452784573165,29.595,Regular,3672.331,42
2024-06-06,Electronics,96.76906483463485,31.634999999999998,Occasional,9260.472,49
2024-06-07,Home Decor,82.36950151777481,30.825000000000003,Regular,3624.101,31
2024-06-08,Electronics,254.7268553230405,68.07000000000001,Occasional,11767.613000000001,27
2024-06-09,Home Decor,152.90467483524523,53.550000000000004,Occasional,4952.675,23
2024-06-10,Sports,992.2317434601498,45.599999999999994,Premium,7206.81,33
2024-06-11,Fashion,233.31974593076274,23.205000000000002,Premium,780.871,24
2024-06-12,Home Decor,1030.2640617247912,61.785,Premium,5614.18,35
2024-06-13,Electronics,358.3951228162476,71.625,Regular,10842.52,19
2024-06-14,Fashion,193.9596344662376,61.59,Regular,10498.696,36
2024-06-15,Electronics,725.9427040452175,0.12,Regular,3016.975,33
2024-06-16,Toys,687.2296240939434,47.730000000000004,Premium,3039.634,29
2024-06-17,Electronics,569.7776383710499,3.84,Regular,10648.716,21
2024-06-18,Electronics,605.2465751125638,19.32,Regular,12104.222000000002,21
2024-06-19,Home Decor,742.668677785983,4.47,Premium,1357.291,31
2024-06-20,Toys,244.1188779276174,45.285000000000004,Regular,5922.254,37
2024-06-21,Toys,1009.7737596623631,51.495,Occasional,4473.04,34
2024-06-22,Home Decor,1157.0709155148081,8.58,Occasional,11335.766,36
2024-06-23,Home Decor,723.9150991684229,28.785000000000004,Occasional,1204.97,25
2024-06-24,Electronics,246.48429196359612,34.214999999999996,Occasional,2847.195,35
2024-06-25,Home Decor,793.6648651778421,27.674999999999997,Occasional,9814.271999999999,28
2024-06-26,Fashion,75.0523925577466,9.075,Occasional,790.1529999999999,48
2024-06-27,Toys,47.82062472703279,31.424999999999997,Regular,6468.93,17
2024-06-28,Fashion,249.0455902095484,56.34,Occasional,5819.918,56
2024-06-29,Home Decor,422.2915753920451,5.324999999999999,Occasional,4433.741,36
2024-06-30,Sports,897.1127164534386,6.015,Regular,5208.151,32
2024-07-01,Home Decor,689.1857291343059,26.61,Regular,6950.333,28
2024-07-02,Sports,681.0827297999183,70.635,Occasional,2206.802,41
2024-07-03,Toys,412.04683001274935,50.144999999999996,Regular,7491.588000000001,30
2024-07-04,Fashion,389.0773272074123,50.894999999999996,Regular,10495.914,25
2024-07-05,Electronics,449.48126924654775,27.150000000000002,Premium,9913.267,38
2024-07-06,Home Decor,1003.9623078069928,44.519999999999996,Premium,2110.6929999999998,23
2024-07-07,Toys,52.49531603771436,0.765,Premium,2050.841,40
2024-07-08,Fashion,1021.7090445169396,47.7,Premium,3581.409,38
2024-07-09,Sports,625.2110203658008,68.49,Occasional,4777.032,37
2024-07-10,Fashion,420.1421463640687,45.945,Occasional,5386.823,26
2024-07-11,Electronics,665.2862382105055,65.52,Premium,8877.7,34
2024-07-12,Sports,510.40045366639447,54.300000000000004,Regular,859.482,16
2024-07-13,Fashion,858.5368929000548,9.045,Premium,576.238,32
2024-07-14,Electronics,928.7315860138597,67.67999999999999,Regular,5173.883,26
2024-07-15,Fashion,385.9415303377564,4.9799999999999995,Occasional,9102.496000000001,13
2024-07-16,Home Decor,287.58132092426047,40.05,Regular,2619.513,34
2024-07-17,Home Decor,621.4393316165765,10.665000000000001,Regular,8386.157000000001,35
2024-07-18,Sports,885.3887357702216,0.885,Premium,3473.9900000000002,35
2024-07-19,Electronics,223.95473943509785,31.650000000000002,Regular,11533.925000000001,45
2024-07-20,Sports,745.429258314572,22.125,Regular,11657.529,32
2024-07-21,Electronics,577.8779506200325,36.45,Occasional,3956.082,16
2024-07-22,Home Decor,856.3474741213197,43.29,Premium,3090.0220000000004,23
2024-07-23,Electronics,150.7995947007885,3.285,Premium,5423.483,44
2024-07-24,Sports,793.9362360419701,9.225000000000001,Regular,3225.6380000000004,31
2024-07-25,Fashion,987.8824382507913,41.894999999999996,Regular,8783.58,33
2024-07-26,Sports,184.41159055126727,25.740000000000002,Regular,10761.452000000001,36
2024-07-27,Electronics,252.52114400131765,54.69,Regular,8792.693,28
2024-07-28,Home Decor,945.5952507159785,48.915,Premium,10739.391,32
2024-07-29,Toys,222.6982927689958,63.42,Occasional,5239.286,31
2024-07-30,Fashion,1022.7758935569777,51.92999999999999,Occasional,2141.802,29
2024-07-31,Fashion,548.0262596029687,32.25,Premium,9627.423,32
2024-08-01,Fashion,275.4804213502835,50.474999999999994,Occasional,4769.3099999999995,31
2024-08-02,Fashion,840.3642660438245,20.655,Premium,8769.254,33
2024-08-03,Electronics,415.48236706114653,22.98,Premium,3613.1940000000004,28
2024-08-04,Sports,511.5703553056328,59.175000000000004,Premium,1175.421,33
2024-08-05,Fashion,431.9328777728514,33.480000000000004,Occasional,12904.528,22
2024-08-06,Fashion,634.4282184173042,59.88,Premium,2140.3070000000002,29
2024-08-07,Fashion,203.99140164683686,61.67999999999999,Occasional,12850.981000000002,30
2024-08-08,Home Decor,442.48678598783516,64.32000000000001,Regular,12707.591,19
2024-08-09,Electronics,1038.1618803298443,68.745,Premium,10346.44,29
2024-08-10,Sports,252.16943522721743,32.325,Regular,8616.777,25
2024-08-11,Fashion,640.8975332709911,23.91,Occasional,7566.377,26
2024-08-12,Sports,373.0569566604125,43.665,Premium,11276.733,29
2024-08-13,Toys,899.6867817784371,27.839999999999996,Premium,3855.085,38
2024-08-14,Toys,158.9453965300287,45.075,Occasional,6149.052000000001,29
2024-08-15,Toys,932.2037256129901,52.92,Premium,8101.548000000001,39
2024-08-16,Fashion,519.9052037782319,51.63,Regular,5422.027,35
2024-08-17,Fashion,246.69735808751184,28.095,Regular,5631.756,31
2024-08-18,Fashion,87.55476757469675,12.51,Occasional,4380.7660000000005,34
2024-08-19,Sports,195.42020941454103,32.295,Occasional,7391.657000000001,32
2024-08-20,Electronics,623.4094826523867,10.695,Regular,11076.897,36
2024-08-21,Toys,388.8240133057854,66.75,Regular,2723.6690000000003,39
2024-08-22,Electronics,844.2349787570981,25.935,Occasional,12156.157,28
2024-08-23,Electronics,474.67139064737376,11.58,Occasional,8998.561000000002,29
2024-08-24,Electronics,254.73871901137366,1.905,Premium,10725.52,47
2024-08-25,Toys,583.0812094244039,48.435,Regular,7288.177000000001,18
2024-08-26,Electronics,654.9182593868999,47.775000000000006,Occasional,10162.386,49
2024-08-27,Electronics,158.20224636814214,25.545,Premium,338.494,33
2024-08-28,Toys,176.30855395579462,5.385,Regular,10662.561,31
2024-08-29,Toys,52.36301991409061,30.72,Premium,646.581,32
2024-08-30,Electronics,713.4434852718489,23.34,Occasional,11583.181999999999,52
2024-08-31,Toys,618.7215749682239,50.79,Occasional,12896.559000000001,32
2024-09-01,Fashion,463.25444648024995,45.435,Premium,3914.6510000000003,36
2024-09-02,Fashion,789.7421323612375,27.345,Regular,2836.795,29
2024-09-03,Sports,808.8740036828891,16.335,Regular,9980.230000000001,30
2024-09-04,Home Decor,689.6476858641585,74.1,Premium,3386.4480000000003,23
2024-09-05,Fashion,848.4181414795574,34.05,Premium,11269.791,33
2024-09-06,Fashion,227.22655541483476,51.614999999999995,Premium,1453.582,29
2024-09-07,Sports,124.67918863515304,10.545,Regular,1751.048,35
2024-09-08,Sports,250.23564693593886,36.42,Regular,12731.68,26
2024-09-09,Sports,79.25052938161998,2.07,Premium,8802.313,23
2024-09-10,Electronics,575.9366099530979,37.905,Premium,11029.434000000001,31
2024-09-11,Electronics,917.5278124155583,72.30000000000001,Premium,4304.118,28
2024-09-12,Electronics,51.41314231403552,28.815,Regular,8836.347,33
2024-09-13,Toys,144.85748289482524,2.925,Premium,7777.887,35
2024-09-14,Home Decor,482.6164905070983,2.325,Premium,7892.547,34
2024-09-15,Electronics,878.6258220752404,29.099999999999998,Occasional,8914.191,47
2024-09-16,Electronics,335.0859305123161,12.0,Regular,7534.878000000001,49
2024-09-17,Home Decor,464.4612212321956,1.755,Premium,5652.036000000001,40
2024-09-18,Electronics,60.28616253605385,56.715,Regular,3681.119,28
2024-09-19,Electronics,150.93779020441036,34.394999999999996,Occasional,10021.648000000001,42
2024-09-20,Fashion,969.0268739607911,21.69,Premium,3042.13,56
2024-09-21,Fashion,962.0942603993357,67.5,Occasional,9040.603000000001,28
2024-09-22,Fashion,15.068463579876893,8.715,Regular,3132.9869999999996,21
2024-09-23,Electronics,1083.597773639774,71.69999999999999,Premium,8178.001000000001,20
2024-09-24,Electronics,640.2508072623742,23.549999999999997,Premium,9744.891,44
2024-09-25,Toys,844.7056897325976,66.63,Premium,2944.851,29
2024-09-26,Fashion,480.37910451288917,45.224999999999994,Occasional,901.4720000000001,38
2024-09-27,Home Decor,512.4017725849161,62.010000000000005,Regular,1815.6320000000003,33
2024-09-28,Fashion,469.37992472621,73.80000000000001,Occasional,7929.1810000000005,37
2024-09-29,Sports,690.7051285283227,21.63,Occasional,11062.376,33
2024-09-30,Toys,164.45744238765582,72.09,Premium,709.1110000000001,29
2024-10-01,Sports,36.98766744829628,29.205,Premium,9578.53,28
2024-10-02,Electronics,298.52074241171533,28.92,Premium,4522.765,43
2024-10-03,Electronics,690.2223932882357,25.53,Regular,6288.659000000001,66
2024-10-04,Home Decor,206.9747579159124,40.605000000000004,Regular,12084.422999999999,25
2024-10-05,Electronics,645.7705483716092,11.565,Occasional,4402.476000000001,28
2024-10-06,Home Decor,1139.63699564955,41.535000000000004,Occasional,6118.892000000001,43
2024-10-07,Sports,111.70091794263017,40.635,Regular,306.098,34
2024-10-08,Toys,737.6401556155212,57.150000000000006,Regular,1180.179,27
2024-10-09,Toys,514.4971263911523,62.519999999999996,Premium,3458.078,24
2024-10-10,Electronics,946.5412249137089,33.03,Occasional,488.46200000000005,25
2024-10-11,Sports,169.38669961332135,22.68,Regular,8255.806,30
2024-10-12,Fashion,725.7756496426791,19.455000000000002,Premium,5617.742,20
2024-10-13,Electronics,922.7438662853772,14.595,Occasional,7184.6320000000005,16
2024-10-14,Electronics,1071.8611511050226,4.32,Occasional,2377.713,31
2024-10-15,Home Decor,630.7227474346051,25.68,Regular,3938.6490000000003,28
2024-10-16,Sports,527.0981529605424,20.265,Regular,8673.418,33
2024-10-17,Fashion,628.4435994971916,72.48,Premium,12553.45,39
2024-10-18,Sports,944.1212929901409,41.835,Premium,778.869,33
2024-10-19,Electronics,621.9171696463613,26.04,Premium,11589.24,37
2024-10-20,Fashion,36.830878801840775,43.53,Premium,7554.456,19
2024-10-21,Toys,840.7160552426841,10.44,Regular,7387.64,36
2024-10-22,Fashion,754.777969965832,33.3,Occasional,6568.588000000001,35
2024-10-23,Sports,613.4664281226821,46.964999999999996,Premium,1023.1,49
2024-10-24,Toys,267.2564645302824,36.660000000000004,Occasional,1286.714,42
2024-10-25,Home Decor,653.2260733185224,30.134999999999998,Regular,7863.739,27
2024-10-26,Electronics,441.5047694605857,74.535,Regular,4518.137,28
2024-10-27,Fashion,750.1291134982981,66.03,Regular,11935.235,32
2024-10-28,Toys,109.86340729620461,46.755,Premium,5362.825,35
2024-10-29,Home Decor,784.5674686961959,42.705,Regular,1974.037,37
2024-10-30,Home Decor,1178.0804100662347,46.545,Regular,9328.436000000002,23
2024-10-31,Toys,66.74694532145836,15.105,Premium,3905.46,32
2024-11-01,Toys,1143.2821376185414,29.64,Regular,6892.808,23
2024-11-02,Home Decor,479.71671883151345,2.955,Premium,9111.102,28
2024-11-03,Fashion,814.8395142194721,35.67,Premium,11716.393000000002,27
2024-11-04,Electronics,904.7638835572253,40.724999999999994,Occasional,10325.497,34
2024-11-05,Fashion,618.745278462923,17.085,Occasional,8834.761,32
2024-11-06,Home Decor,791.6905160757692,72.30000000000001,Occasional,8876.881,49
2024-11-07,Electronics,1020.9419207129421,68.205,Regular,12304.045,24
2024-11-08,Home Decor,469.11875669845057,54.165,Occasional,3937.258,31
2024-11-09,Fashion,353.5951234005964,40.005,Regular,144.31300000000002,28
2024-11-10,Home Decor,645.0494334183853,65.25,Premium,3630.055,39
2024-11-11,Toys,739.1319476799927,9.795,Regular,2934.256,46
2024-11-12,Toys,870.0779829717986,59.295,Occasional,8647.808,43
2024-11-13,Sports,889.4019662260799,9.36,Occasional,8285.862,36
2024-11-14,Sports,428.8963705105273,59.565,Regular,7767.851000000001,42
2024-11-15,Sports,821.4480930793235,20.685,Occasional,339.053,40
2024-11-16,Toys,141.81102982407603,65.775,Regular,9509.369999999999,32
2024-11-17,Toys,640.5214449672683,70.80000000000001,Occasional,4293.835,22
2024-11-18,Fashion,15.671336239747292,11.16,Occasional,8689.265000000001,21
2024-11-19,Home Decor,328.1807506018753,34.695,Occasional,7293.169000000001,29
2024-11-20,Sports,404.94299705340586,73.57499999999999,Occasional,4540.952,28
2024-11-21,Sports,440.9998517809583,36.255,Occasional,1862.003,35
2024-11-22,Home Decor,755.5214539835064,64.77,Premium,1345.175,24
2024-11-23,Fashion,459.9155188227523,44.160000000000004,Regular,10831.639000000001,15
2024-11-24,Home Decor,435.8678265139474,28.155,Regular,11949.782,42
2024-11-25,Toys,264.3101980868289,21.435,Regular,8492.77,27
2024-11-26,Electronics,425.8650525208023,15.24,Premium,1461.2,36
2024-11-27,Home Decor,255.75963484860839,57.135000000000005,Regular,5304.091,35
2024-11-28,Electronics,77.61126520420741,28.994999999999997,Occasional,9511.45,23
2024-11-29,Home Decor,614.0980041741284,38.339999999999996,Premium,10166.298999999999,19
2024-11-30,Home Decor,652.1402081979918,36.93,Premium,1651.4679999999998,39
2024-12-01,Electronics,585.8581552869618,43.29,Regular,130.39000000000001,33
2024-12-02,Sports,479.880458495439,64.92,Occasional,9295.208,27
2024-12-03,Home Decor,451.23974492785777,73.56,Regular,4719.39,37
2024-12-04,Toys,812.1677730298878,30.57,Regular,3405.181,31
2024-12-05,Toys,606.1359085588758,62.07000000000001,Premium,295.98400000000004,36
2024-12-06,Sports,491.1140032095932,57.345,Premium,7083.648,37
2024-12-07,Sports,42.25616361103764,43.019999999999996,Premium,11084.306999999999,31
2024-12-08,Electronics,347.87746975462073,71.69999999999999,Premium,12454.715,18
2024-12-09,Fashion,369.3382691017954,15.03,Regular,7411.144,35
2024-12-10,Home Decor,412.043570274477,8.19,Regular,6751.121,38
2024-12-11,Home Decor,613.0111098361782,64.05000000000001,Premium,1224.6779999999999,18
2024-12-12,Home Decor,487.7377893774245,32.94,Premium,7193.992,36
2024-12-13,Toys,642.694432588529,63.525000000000006,Regular,5020.327,24
2024-12-14,Toys,901.0050020922788,66.975,Premium,7943.832,20
2024-12-15,Home Decor,907.656988078842,4.68,Premium,5132.907,34
2024-12-16,Home Decor,696.321740029464,66.255,Occasional,3222.648,47
2024-12-17,Sports,1068.1038550166227,33.63,Regular,1352.208,26
2024-12-18,Fashion,30.885000160006946,38.28,Regular,4182.997,26
2024-12-19,Fashion,186.20102633634062,46.995,Regular,1373.814,24
2024-12-20,Sports,19.48494249287372,69.48,Regular,2406.664,18
2024-12-21,Fashion,664.0977738593244,1.44,Premium,12837.019,47
2024-12-22,Toys,809.4343878121607,35.76,Premium,5845.619000000001,31
2024-12-23,Home Decor,265.6853847229653,51.585,Regular,6975.189,14
2024-12-24,Sports,883.0435239714005,54.21,Occasional,11373.466,29
2024-12-25,Electronics,76.96125301200067,51.94500000000001,Premium,12942.969,22
2024-12-26,Electronics,1068.3626208694143,10.08,Regular,7629.531,38
2024-12-27,Home Decor,410.9661421821401,22.455000000000002,Occasional,10586.537,29
2024-12-28,Home Decor,113.1635766423211,26.910000000000004,Regular,4337.736,52
2024-12-29,Toys,497.25880383259954,60.33,Regular,4064.931,18
2024-12-30,Toys,309.777974356468,20.91,Regular,5312.801,22
2024-12-31,Sports,332.88109219831153,15.809999999999999,Regular,8785.166,36
2025-01-01,Fashion,305.0410393926976,71.80499999999999,Premium,8909.81,51
2025-01-02,Sports,874.6440276867717,0.66,Occasional,4187.131,28
2025-01-03,Home Decor,509.59106660116817,74.83500000000001,Regular,1844.414,17
2025-01-04,Home Decor,371.61009002638883,50.760000000000005,Premium,8268.936000000002,21
2025-01-05,Toys,735.6884969657139,62.13,Occasional,1781.5590000000002,26
2025-01-06,Electronics,780.9797810670277,22.095,Premium,7575.204,36
2025-01-07,Home Decor,313.80756037499316,1.08,Premium,9054.344000000001,29
2025-01-08,Electronics,469.75287724386124,55.335,Occasional,9146.865,33
2025-01-09,Fashion,120.45544673095306,62.565,Regular,9827.181,29
2025-01-10,Toys,172.27147481060584,55.53,Occasional,11363.703,26
2025-01-11,Electronics,703.6119405914985,10.709999999999999,Regular,6564.467000000001,31
2025-01-12,Electronics,186.56297837806494,56.505,Occasional,9528.311000000002,28
2025-01-13,Electronics,552.4984971195137,57.675000000000004,Premium,8098.753000000001,27
2025-01-14,Electronics,793.9173304792303,49.394999999999996,Premium,2532.062,29
2025-01-15,Home Decor,115.79414349487645,57.465,Premium,460.629,35
2025-01-16,Fashion,625.973938118276,63.449999999999996,Occasional,3792.0480000000002,16
2025-01-17,Sports,294.1540883034449,46.019999999999996,Regular,5831.839,23
2025-01-18,Toys,969.055010472688,6.645,Occasional,8072.155000000001,36
2025-01-19,Home Decor,562.3047200167911,36.57,Regular,11068.980000000001,49
2025-01-20,Toys,733.233159871554,5.82,Occasional,2655.679,23
2025-01-21,Toys,532.7492608394618,30.57,Premium,1745.8220000000001,14
2025-01-22,Toys,59.910521538843554,30.54,Occasional,12529.985,24
2025-01-23,Toys,644.2816531139365,4.949999999999999,Premium,1520.5320000000002,34
2025-01-24,Toys,1131.4688810070302,26.160000000000004,Premium,6288.178000000001,33
2025-01-25,Sports,628.5408207896197,8.325,Occasional,7666.204,34
2025-01-26,Sports,936.2058449123647,60.614999999999995,Occasional,7097.4929999999995,20
2025-01-27,Home Decor,878.0154618272828,71.07000000000001,Regular,1237.236,40
2025-01-28,Toys,219.18315692932393,5.43,Regular,863.9410000000001,38
2025-01-29,Toys,213.8816035030229,71.64,Premium,1487.577,33
2025-01-30,Sports,645.7185167093902,39.195,Premium,7666.516,26
2025-01-31,Toys,428.1923126434083,22.47,Regular,7135.713000000001,26
2025-02-01,Sports,957.6366242079837,5.76,Premium,3138.2390000000005,44
2025-02-02,Sports,869.7334454403201,37.545,Premium,8338.148000000001,34
2025-02-03,Electronics,332.2524983540962,59.595,Occasional,10684.271,32
2025-02-04,Toys,261.8268237414386,53.025000000000006,Regular,665.119,28
2025-02-05,Home Decor,915.9551075769133,3.7649999999999997,Occasional,6540.937,27
2025-02-06,Sports,254.11419355931065,5.475,Regular,9001.421,25
2025-02-07,Electronics,788.9710030599833,30.21,Regular,3377.257,35
2025-02-08,Fashion,509.9888604611975,22.14,Occasional,4091.009,47
2025-02-09,Toys,796.04146300687,17.43,Premium,8027.526000000001,25
2025-02-10,Home Decor,103.09903153370983,21.075000000000003,Premium,11686.428,18
2025-02-11,Sports,698.4230293520541,60.255,Premium,10553.725,21
2025-02-12,Home Decor,457.1332837510026,69.69,Occasional,7634.887,31
2025-02-13,Toys,683.7764803532218,30.39,Premium,9527.960000000001,29
2025-02-14,Toys,199.1849212410041,67.965,Premium,4825.262,28
2025-02-15,Fashion,735.1755126974202,24.105,Occasional,8379.228000000001,25
2025-02-16,Electronics,985.7932909453597,35.730000000000004,Regular,6129.76,33
2025-02-17,Fashion,221.37286956330578,16.950000000000003,Premium,2574.4809999999998,23
2025-02-18,Home Decor,94.86718395664694,48.03,Regular,9161.373,32
2025-02-19,Sports,33.42585273458203,73.42500000000001,Occasional,7291.7,28
2025-02-20,Fashion,701.5546226577984,45.255,Occasional,4745.455,37
2025-02-21,Home Decor,718.6111483426666,26.835,Regular,11858.938,41
2025-02-22,Sports,624.0181120661574,48.585,Premium,399.425,34
2025-02-23,Home Decor,272.27261975083866,9.225000000000001,Occasional,4193.995,24
2025-02-24,Fashion,390.6614843205095,66.645,Premium,862.0690000000001,25
2025-02-25,Fashion,699.8448728249034,37.724999999999994,Occasional,9995.206,45
2025-02-26,Sports,582.9015299812692,33.705,Premium,9166.118,22
2025-02-27,Sports,1122.4477995498185,43.935,Premium,4394.507,20
2025-02-28,Electronics,165.7501565648675,46.86,Regular,8825.778,28
2025-03-01,Sports,790.263364264491,5.385,Premium,5225.714000000001,26
2025-03-02,Fashion,431.2035101554183,51.19500000000001,Premium,9862.983,36
2025-03-03,Home Decor,433.9439606041907,18.15,Occasional,5975.3460000000005,13
2025-03-04,Electronics,755.885749800163,53.550000000000004,Regular,5436.041,33
2025-03-05,Home Decor,808.1605280683399,61.69500000000001,Occasional,12159.979000000001,39
2025-03-06,Home Decor,1095.5809714910129,60.300000000000004,Premium,3358.81,32
2025-03-07,Sports,152.84315544341993,41.445,Regular,1680.159,30
2025-03-08,Electronics,135.262176345971,39.015,Occasional,7653.074,21
2025-03-09,Electronics,754.6220653464503,10.709999999999999,Occasional,12605.177000000001,34
2025-03-10,Toys,666.1725168771052,58.155,Premium,4992.793000000001,35
2025-03-11,Sports,276.42749406953317,20.355,Regular,928.408,27
2025-03-12,Toys,101.42851571306002,37.245,Regular,4496.856,24
2025-03-13,Fashion,92.39190613829686,21.315,Occasional,6641.336,37
2025-03-14,Electronics,937.4365416015319,10.035,Regular,2213.952,29
2025-03-15,Electronics,237.54326579424625,47.22,Regular,8599.773000000001,35
2025-03-16,Electronics,375.25945280123597,4.08,Regular,12971.036,38
2025-03-17,Sports,222.84653481242728,56.144999999999996,Premium,5943.886,28
2025-03-18,Electronics,423.120468254804,23.82,Regular,4695.353,29
2025-03-19,Toys,85.42236393626743,0.015,Premium,5287.061,37
2025-03-20,Fashion,522.1934038682494,38.339999999999996,Premium,1611.9350000000002,31
2025-03-21,Sports,89.08881590591588,3.51,Premium,11497.733,36
2025-03-22,Electronics,908.0706571442399,20.715,Occasional,5468.801,20
2025-03-23,Toys,286.2966321838026,53.025000000000006,Premium,5114.226000000001,31
2025-03-24,Home Decor,578.0126318547073,4.695,Occasional,8620.209,21
2025-03-25,Sports,987.6541047258953,62.955,Occasional,5818.969,42
2025-03-26,Electronics,764.1294604755452,0.28500000000000003,Premium,8472.763,31
2025-03-27,Toys,601.359868797557,18.509999999999998,Occasional,920.8160000000001,33
2025-03-28,Toys,340.00479866649977,55.574999999999996,Premium,10602.618,45
2025-03-29,Fashion,403.24782880886914,23.715,Occasional,12234.287,28
2025-03-30,Toys,702.9417491416126,7.635,Regular,8479.614,43
2025-03-31,Fashion,1022.9103656642595,27.015,Regular,12415.260000000002,26
2025-04-01,Sports,700.4630000354167,20.28,Premium,2078.934,32
2025-04-02,Electronics,523.1580698843499,63.21,Regular,6274.3460000000005,34
2025-04-03,Electronics,719.6980364092559,23.505,Premium,7875.2570000000005,36
2025-04-04,Fashion,452.21004771732817,59.175000000000004,Premium,7616.947,28
2025-04-05,Sports,67.78658840586846,66.885,Occasional,5296.811,33
2025-04-06,Toys,670.4726365662355,32.535000000000004,Occasional,4481.152,20
2025-04-07,Toys,901.1242065556539,68.25,Occasional,1762.228,30
2025-04-08,Fashion,198.03149718262128,28.305,Occasional,5171.725,33
2025-04-09,Home Decor,750.489011217154,72.30000000000001,Premium,2223.442,23
2025-04-10,Home Decor,188.42301395658393,6.6899999999999995,Regular,9581.286,21
2025-04-11,Sports,497.79470156819553,51.525000000000006,Premium,2817.659,27
2025-04-12,Toys,117.25877451505185,37.035000000000004,Regular,883.74,19
2025-04-13,Fashion,420.7045205403415,29.07,Occasional,7238.946,30
2025-04-14,Electronics,757.996387515022,47.46,Premium,7790.601000000001,40
2025-04-15,Fashion,331.2815657980171,52.785,Premium,11351.522,25
2025-04-16,Electronics,728.788558431653,0.33,Regular,7555.756,26
2025-04-17,Sports,885.4152031065474,12.524999999999999,Regular,4576.338000000001,21
2025-04-18,Sports,931.9013348014337,53.474999999999994,Occasional,10464.766,29
2025-04-19,Electronics,251.07878582769274,49.980000000000004,Regular,7083.388000000001,21
2025-04-20,Fashion,483.6955140258296,72.44999999999999,Premium,1150.3310000000001,39
2025-04-21,Home Decor,174.5249920347169,57.074999999999996,Premium,7412.496,35
2025-04-22,Fashion,1172.5457976696812,71.31,Regular,11816.194,36
2025-04-23,Sports,914.8246347698383,52.69500000000001,Occasional,5230.537,20
2025-04-24,Sports,615.3114681124448,22.35,Premium,3943.719,37
2025-04-25,Electronics,986.6012453354264,7.904999999999999,Regular,1976.455,33
2025-04-26,Home Decor,516.8454581784745,58.635000000000005,Occasional,2079.103,29
2025-04-27,Sports,647.6968339216745,48.315,Regular,5699.772,31
2025-04-28,Electronics,90.62786646006428,3.615,Premium,7796.398999999999,36
2025-04-29,Electronics,806.0239966646351,27.0,Regular,1167.517,24
2025-04-30,Fashion,153.3542448191386,71.76,Premium,12222.249,32
2025-05-01,Toys,874.5264067399494,37.53,Premium,9848.566,29
2025-05-02,Fashion,758.6634480231712,32.46,Regular,7679.854,21
2025-05-03,Sports,736.5361432942252,34.32,Regular,10792.002000000002,29
2025-05-04,Fashion,48.3709058603928,15.66,Regular,1162.005,40
2025-05-05,Toys,306.69300994631374,27.660000000000004,Premium,6266.91,41
2025-05-06,Home Decor,300.92607342724045,27.735,Premium,8239.296,34
2025-05-07,Sports,337.169486083967,3.93,Occasional,10794.758,33
2025-05-08,Electronics,105.66038464745507,57.57000000000001,Premium,10213.255000000001,28
2025-05-09,Electronics,983.2202415536533,31.244999999999997,Premium,3695.8869999999997,27
2025-05-10,Electronics,547.7263357631846,61.665,Premium,12239.123,23
2025-05-11,Home Decor,303.5081925510385,63.78,Occasional,1730.326,43
2025-05-12,Sports,423.42190759870346,15.899999999999999,Premium,11392.966,35
2025-05-13,Home Decor,442.900776461189,49.30499999999999,Premium,12626.003,22
2025-05-14,Toys,689.8812010374797,35.415,Occasional,2409.966,33
2025-05-15,Electronics,550.0475418284266,66.015,Regular,9422.985,27
2025-05-16,Electronics,891.0285395768703,16.185,Premium,648.479,34
2025-05-17,Home Decor,471.17613442648485,50.835,Occasional,5347.797,27
2025-05-18,Home Decor,1110.4173757325866,45.585,Regular,6774.56,33
2025-05-19,Home Decor,867.0560194849802,22.155,Premium,7602.907000000001,28
2025-05-20,Home Decor,234.192099675129,10.245000000000001,Regular,12175.514000000001,37
2025-05-21,Home Decor,1082.4051066329341,48.87,Occasional,8781.864,35
2025-05-22,Electronics,145.07977063626026,55.394999999999996,Premium,6324.045,46
2025-05-23,Fashion,842.7006925793845,23.669999999999998,Occasional,10550.514,21
2025-05-24,Sports,351.858622996696,48.36,Premium,12363.351,31
2025-05-25,Toys,795.6540076066752,29.64,Regular,413.985,28
2025-05-26,Fashion,932.3494905415117,53.489999999999995,Regular,12775.047999999999,28
2025-05-27,Home Decor,933.2470437361961,14.940000000000001,Regular,1238.5230000000001,29
2025-05-28,Toys,763.0080888418228,66.765,Regular,10611.159000000001,50
2025-05-29,Fashion,339.7100891535036,21.555,Premium,3737.9030000000002,28
2025-05-30,Fashion,95.98118454712434,27.585,Occasional,1831.154,35
2025-05-31,Toys,427.2571358604076,4.35,Occasional,5790.941,44
2025-06-01,Fashion,186.7510101911017,8.370000000000001,Occasional,8417.721,16
2025-06-02,Sports,736.6255235969672,38.685,Occasional,5032.8460000000005,34
2025-06-03,Home Decor,418.2146521370286,20.07,Occasional,832.2600000000001,16
2025-06-04,Toys,969.1769715218555,62.655,Premium,7845.071,41
2025-06-05,Toys,717.815732513648,1.095,Premium,11743.927000000001,33
2025-06-06,Fashion,962.5253267709352,28.424999999999997,Regular,5061.979,25
2025-06-07,Electronics,160.73394252867473,25.305,Premium,2914.197,34
2025-06-08,Home Decor,964.9758080417026,1.455,Regular,5825.976000000001,30
2025-06-09,Toys,1055.0137657896057,9.33,Regular,752.427,38
2025-06-10,Toys,459.5648439877121,31.02,Occasional,10689.679,30
2025-06-11,Fashion,563.8711890176079,36.96,Regular,10765.001,29
2025-06-12,Fashion,831.1417499441523,30.315,Premium,7697.56,22
2025-06-13,Sports,197.1367742875105,39.825,Regular,4674.436,40
2025-06-14,Sports,601.7596505648478,44.64,Occasional,10423.218,23
2025-06-15,Fashion,413.80577735107266,0.75,Regular,7268.82,31
2025-06-16,Toys,160.62095598283884,34.8,Regular,10759.749,45
2025-06-17,Electronics,348.5572135140664,72.255,Occasional,8256.872,32
2025-06-18,Home Decor,71.06729691086962,38.925,Premium,10225.293,29
2025-06-19,Home Decor,32.58332212529364,50.82000000000001,Occasional,7833.501000000001,39
2025-06-20,Toys,159.2638107483827,23.384999999999998,Occasional,5460.0,30
2025-06-21,Sports,955.6756919870671,58.050000000000004,Regular,12458.758,30
2025-06-22,Electronics,527.3668181190596,57.974999999999994,Regular,7094.139,34
2025-06-23,Toys,909.1487774430088,39.089999999999996,Regular,7917.5070000000005,25
2025-06-24,Toys,409.12549499807653,73.19999999999999,Occasional,2967.679,29
2025-06-25,Electronics,375.8910742833533,9.42,Regular,8182.121999999999,29
2025-06-26,Fashion,584.3915782260103,1.275,Premium,7486.5960000000005,27
2025-06-27,Home Decor,523.9997858515492,57.765,Regular,2508.8700000000003,29
2025-06-28,Electronics,122.8814763094616,60.54,Regular,896.883,41
2025-06-29,Electronics,613.1765782892456,9.015,Regular,7908.108,36
2025-06-30,Electronics,261.0015584869212,19.919999999999998,Premium,9958.715,32
2025-07-01,Sports,673.3622254371942,1.32,Occasional,6866.171,43
2025-07-02,Home Decor,589.3110218638834,22.005,Premium,3048.5650000000005,38
2025-07-03,Toys,182.29324089829936,57.989999999999995,Occasional,8708.141,41
2025-07-04,Toys,83.83954409745476,38.849999999999994,Occasional,1160.965,26
2025-07-05,Toys,719.303568444991,26.099999999999998,Premium,5816.3949999999995,32
2025-07-06,Home Decor,507.23829407660685,27.884999999999998,Premium,2232.529,35
2025-07-07,Home Decor,68.76632173538752,0.10500000000000001,Premium,2503.9820000000004,22
2025-07-08,Toys,1125.723226785468,22.485,Premium,2733.523,45
2025-07-09,Home Decor,79.78402551331432,48.480000000000004,Premium,5106.92,34
2025-07-10,Toys,697.9463027986752,73.065,Premium,788.307,34
2025-07-11,Home Decor,903.8488029120754,63.525000000000006,Regular,5249.608,31
2025-07-12,Home Decor,263.8978607132553,1.77,Regular,6715.67,38
2025-07-13,Electronics,161.31056504245117,67.395,Premium,6349.9929999999995,13
2025-07-14,Fashion,130.74703682225575,58.739999999999995,Regular,5056.428,34
2025-07-15,Home Decor,350.3549885320353,58.53,Premium,10929.814999999999,30
2025-07-16,Electronics,111.44778512877672,34.349999999999994,Premium,2000.3490000000002,23
2025-07-17,Sports,631.9937310014989,29.849999999999998,Regular,6638.32,41
2025-07-18,Fashion,83.49610927162972,22.725,Regular,928.4730000000001,30
2025-07-19,Electronics,550.3573071743407,4.92,Regular,1045.7720000000002,23
2025-07-20,Sports,912.7012838426571,17.115000000000002,Regular,7515.651000000001,22
2025-07-21,Electronics,887.107993872263,18.495,Premium,7414.654,37
2025-07-22,Fashion,640.7318480544535,36.3,Occasional,11430.289,29
2025-07-23,Sports,317.1991879106239,56.05499999999999,Occasional,7309.835,20
2025-07-24,Toys,675.9316733284176,35.535000000000004,Regular,12482.509,32
2025-07-25,Sports,629.1096604037011,4.335,Occasional,756.7040000000001,43
2025-07-26,Fashion,456.85418975410374,71.83500000000001,Premium,1391.364,27
2025-07-27,Home Decor,128.46331412467882,70.71000000000001,Regular,697.125,39
2025-07-28,Home Decor,804.1604525019551,58.89,Regular,2514.512,39
2025-07-29,Fashion,503.90272316318107,74.355,Premium,7096.141,25
2025-07-30,Fashion,202.57576708377172,40.83,Regular,8438.508,23
2025-07-31,Sports,440.42692391261363,72.21000000000001,Premium,716.677,21
2025-08-01,Home Decor,440.9987194775961,5.67,Occasional,12304.643000000002,32
2025-08-02,Sports,940.8900630092484,27.42,Regular,10968.672,18
2025-08-03,Fashion,873.2000339762321,16.905,Regular,3947.398,24
2025-08-04,Sports,719.4054198069738,14.684999999999999,Premium,1123.408,33
2025-08-05,Home Decor,24.882107479630942,10.56,Occasional,2316.4440000000004,28
2025-08-06,Home Decor,499.4110485206557,46.68,Premium,1763.775,50
2025-08-07,Home Decor,457.05643501977323,58.605000000000004,Regular,1716.663,18
2025-08-08,Home Decor,34.77029391064517,43.365,Premium,6803.888000000001,42
2025-08-09,Sports,287.6359366113722,11.024999999999999,Occasional,3294.057,29
2025-08-10,Home Decor,900.4797344878119,60.84,Occasional,4739.254,42
2025-08-11,Fashion,154.3231757274606,47.7,Occasional,12864.93,15
2025-08-12,Home Decor,583.6920444897594,29.115000000000002,Premium,8937.123,26
2025-08-13,Fashion,205.997354663578,50.565,Occasional,12343.383,33
2025-08-14,Home Decor,23.198849938927236,19.5,Regular,1964.703,24
2025-08-15,Electronics,251.22604775458186,25.89,Regular,5048.134,18
2025-08-16,Toys,972.0624373868903,68.80499999999999,Premium,7269.392000000001,38
2025-08-17,Home Decor,732.7303130754761,21.794999999999998,Premium,1117.8700000000001,42
2025-08-18,Fashion,1044.1296400454646,35.25,Premium,183.89800000000002,18
2025-08-19,Sports,498.64481759899866,66.765,Occasional,8758.49,28
2025-08-20,Sports,130.07812960074304,53.085,Premium,8390.213,28
2025-08-21,Sports,621.0857299309221,4.665,Occasional,5416.853000000001,33
2025-08-22,Electronics,484.34793679902623,11.055,Premium,6431.723999999999,31
2025-08-23,Fashion,844.9268479614474,0.585,Occasional,5476.7570000000005,42
2025-08-24,Toys,112.86573180337119,47.325,Premium,438.945,21
2025-08-25,Fashion,503.621466193412,33.57,Occasional,4446.234,33
2025-08-26,Sports,160.6896151119809,10.065,Regular,2409.043,35
2025-08-27,Toys,365.69538637063516,71.85,Occasional,1396.7200000000003,23
2025-08-28,Toys,750.0101980710167,39.72,Occasional,12442.989000000001,20
2025-08-29,Toys,488.85765133874554,18.134999999999998,Regular,7843.758,25
2025-08-30,Sports,359.5310001026248,37.545,Regular,9507.81,24
2025-08-31,Home Decor,458.4448725383527,50.97,Premium,4188.7300000000005,34
2025-09-01,Electronics,495.9195577368927,5.715,Occasional,5189.808,23
2025-09-02,Electronics,870.1141910109585,20.61,Regular,3179.215,19
2025-09-03,Fashion,1042.9444101039633,60.525000000000006,Regular,1377.948,26
2025-09-04,Sports,868.2390664204065,34.47,Regular,2434.1330000000003,28
2025-09-05,Toys,831.3779871659882,40.995,Regular,10394.007000000001,47
2025-09-06,Sports,380.1966304038408,32.46,Regular,8850.01,29
2025-09-07,Electronics,828.1623951889013,3.285,Premium,7168.9800000000005,46
2025-09-08,Fashion,416.87233307394496,12.434999999999999,Regular,6244.407000000001,38
2025-09-09,Home Decor,239.11999225360117,33.42,Occasional,12001.730000000001,29
2025-09-10,Toys,892.9440301028533,15.690000000000001,Regular,1066.104,26
2025-09-11,Toys,52.98875655503117,3.75,Occasional,3741.335,21
2025-09-12,Toys,834.0402730738298,63.269999999999996,Premium,4633.694,34
2025-09-13,Fashion,466.6866274526134,73.59,Regular,10199.826000000001,26
2025-09-14,Electronics,582.4460888706418,59.489999999999995,Regular,12903.657,38
2025-09-15,Fashion,678.2835240450839,64.035,Occasional,3227.432,24
2025-09-16,Fashion,814.2333962931093,18.15,Occasional,11382.332,26
2025-09-17,Electronics,742.5337299499089,72.045,Premium,10820.121000000001,33
2025-09-18,Electronics,562.9460174672437,14.774999999999999,Premium,3021.3430000000003,24
2025-09-19,Home Decor,85.21461841174417,71.355,Regular,5269.407,39
2025-09-20,Home Decor,548.1472588132222,74.61,Premium,5402.488,35
2025-09-21,Sports,149.55668234008152,53.385000000000005,Regular,12719.694,30
2025-09-22,Sports,714.8018195923418,73.59,Occasional,2458.079,40
2025-09-23,Toys,575.9841566121687,42.72,Regular,10415.158,23
2025-09-24,Home Decor,738.0064196152471,19.47,Occasional,4431.063,21
2025-09-25,Home Decor,59.987614701045636,32.775000000000006,Premium,9536.306,29
2025-09-26,Toys,87.52613321566119,44.519999999999996,Regular,5535.543,36
